time,agents_total_distance_moved,agents_total_task_amount_done,remaining_tasks,tasks_total_amount_left
0.016666666666666666,3.0,0.0,200,6538.809306919161
0.03333333333333333,6.866323543838406,4.0,200,6534.809306919161
0.05,13.373216615326356,6.0,200,6532.809306919161
0.06666666666666667,22.266157249656565,10.0,200,6528.809306919161
0.08333333333333333,33.980900849264614,12.0,200,6526.809306919161
0.09999999999999999,48.31731056815949,16.0,200,6522.809306919161
0.11666666666666665,65.44473977347607,19.0,200,6519.809306919161
0.13333333333333333,85.22223706482463,22.0,200,6516.809306919161
0.15,107.58763791202084,26.0,200,6512.809306919161
0.16666666666666666,132.51872694639036,31.0,200,6507.809306919161
0.18333333333333332,159.93507462107206,36.0,200,6502.809306919161
0.19999999999999998,189.61469200272387,41.0,200,6497.809306919161
0.21666666666666665,221.29266154102146,47.0,200,6491.809306919161
0.2333333333333333,254.81536210132072,54.0,200,6484.809306919161
0.24999999999999997,289.86693945606464,63.0,200,6475.809306919161
0.26666666666666666,326.24392823879407,74.0,200,6464.809306919161
0.2833333333333333,363.81022843926155,85.0,200,6453.809306919161
0.3,402.1471134649751,97.0,200,6441.809306919161
0.31666666666666665,440.5919356248745,111.0,200,6427.809306919161
0.3333333333333333,478.6173807159871,125.0,200,6413.809306919161
0.35,515.7437773203744,140.0,200,6398.809306919161
0.36666666666666664,551.5414446548741,156.0,200,6382.809306919161
0.3833333333333333,585.9462764813787,172.0,200,6366.809306919161
0.39999999999999997,619.0484845141455,188.0,199,6350.809306919161
0.41666666666666663,650.7599947050254,203.0,199,6335.809306919161
0.4333333333333333,681.1242017390244,221.0,199,6317.809306919161
0.44999999999999996,710.2622951744565,240.0,199,6298.809306919161
0.4666666666666666,738.1619141640655,260.0,198,6278.809306919161
0.4833333333333333,764.8982340458206,280.0,198,6258.809306919161
0.49999999999999994,790.5993774385631,302.0,198,6236.809306919161
0.5166666666666666,815.2529308055421,325.0,197,6213.809306919161
0.5333333333333333,838.93993184577,348.0,196,6190.809306919161
0.55,861.7675189131445,371.0,196,6167.809306919161
0.5666666666666668,883.8814367429004,394.0,196,6144.809306919161
0.5833333333333335,905.413568176675,416.0,195,6122.809306919161
0.6000000000000002,926.1688262183078,439.0,195,6099.809306919161
0.6166666666666669,946.4301505482555,462.0,194,6076.809306919161
0.6333333333333336,966.158791697524,485.0,194,6053.809306919161
0.6500000000000004,985.5399122031533,507.0,193,6031.809306919161
0.6666666666666671,1004.4160055574906,529.0,193,6009.809306919161
0.6833333333333338,1022.9508249146596,551.0,193,5987.809306919161
0.7000000000000005,1041.1875922171328,573.0,193,5965.809306919161
0.7166666666666672,1059.1677510638353,595.0,193,5943.809306919161
0.733333333333334,1076.978990014339,617.0,191,5921.809306919161
0.7500000000000007,1094.5589647227098,637.0,191,5901.809306919161
0.7666666666666674,1112.2477651795637,657.0,189,5881.809306919161
0.7833333333333341,1130.093330783666,675.0,189,5863.809306919161
0.8000000000000008,1148.2673138091995,693.0,189,5845.809306919161
0.8166666666666675,1166.8170565098687,711.0,189,5827.809306919161
0.8333333333333343,1185.7596583558252,730.0,189,5808.809306919161
0.850000000000001,1205.067129380739,750.0,187,5788.809306919161
0.8666666666666677,1224.6820252237903,768.0,185,5770.809306919161
0.8833333333333344,1244.2354036176105,784.0,182,5754.809306919161
0.9000000000000011,1264.3649379497317,797.0,182,5741.809306919161
0.9166666666666679,1285.2860270775423,810.0,180,5728.809306919161
0.9333333333333346,1307.2575861844964,821.0,180,5717.809306919161
0.9500000000000013,1330.2787621446448,834.0,180,5704.809306919161
0.966666666666668,1354.3305531204348,847.0,179,5691.809306919161
0.9833333333333347,1379.1206292695438,859.0,178,5679.809306919161
1.0000000000000013,1404.7157905546114,871.0,177,5667.809306919161
1.016666666666668,1431.2123263906087,883.0,176,5655.809306919161
1.0333333333333345,1458.779890611538,895.0,175,5643.809306919161
1.0500000000000012,1487.3344538165843,906.0,175,5632.809306919161
1.0666666666666678,1516.6767558128736,917.0,175,5621.809306919161
1.0833333333333344,1546.7957157560108,929.0,174,5609.809306919161
1.100000000000001,1577.5625870892243,940.0,173,5598.809306919161
1.1166666666666676,1609.0774764360383,950.0,173,5588.809306919161
1.1333333333333342,1641.4296279544735,961.0,172,5577.809306919161
1.1500000000000008,1674.6049821744937,971.0,172,5567.809306919161
1.1666666666666674,1708.3978765267561,981.0,170,5557.809306919161
1.183333333333334,1743.2762129239986,989.0,170,5549.809306919161
1.2000000000000006,1778.7011132456178,997.0,170,5541.809306919161
1.2166666666666672,1814.9060306524448,1005.0,170,5533.809306919161
1.2333333333333338,1851.347098602772,1014.0,170,5524.809306919161
1.2500000000000004,1887.9248453984067,1024.0,170,5514.809306919161
1.266666666666667,1924.262085006401,1034.0,170,5504.809306919161
1.2833333333333337,1960.4742563931304,1047.0,170,5491.809306919161
1.3000000000000003,1996.4354869603446,1061.0,170,5477.809306919161
1.3166666666666669,2032.058429106442,1075.0,169,5463.809306919161
1.3333333333333335,2067.5712427562453,1089.0,168,5449.809306919161
1.35,2102.8575338940336,1102.0,168,5436.809306919161
1.3666666666666667,2138.031477751366,1117.0,168,5421.809306919161
1.3833333333333333,2173.069068130277,1132.0,168,5406.809306919161
1.4,2207.639723971765,1147.0,167,5391.809306919161
1.4166666666666665,2241.36986055229,1163.0,167,5375.809306919161
1.4333333333333331,2274.369101750349,1179.0,167,5359.809306919161
1.4499999999999997,2306.68267508769,1195.0,167,5343.809306919161
1.4666666666666663,2338.336103938823,1212.0,166,5326.809306919161
1.483333333333333,2369.473952286716,1228.0,165,5310.809306919161
1.4999999999999996,2400.1304381065697,1244.0,165,5294.809306919161
1.5166666666666662,2430.374469895995,1261.0,164,5277.809306919161
1.5333333333333328,2460.194109037691,1277.0,164,5261.809306919161
1.5499999999999994,2489.3896241665266,1292.0,164,5246.809306919161
1.566666666666666,2518.0602372937533,1308.0,163,5230.809306919161
1.5833333333333326,2546.170082596195,1323.0,163,5215.809306919161
1.5999999999999992,2574.0329230766415,1337.0,163,5201.809306919161
1.6166666666666658,2601.6170031467,1351.0,163,5187.809306919161
1.6333333333333324,2628.3815744974736,1367.0,163,5171.809306919161
1.649999999999999,2654.5428172058737,1384.0,163,5154.809306919161
1.6666666666666656,2680.137373566207,1402.0,163,5136.809306919161
1.6833333333333322,2705.2895024702875,1421.0,163,5117.809306919161
1.6999999999999988,2730.064985115552,1441.0,163,5097.809306919161
1.7166666666666655,2754.525792602246,1461.0,163,5077.809306919161
1.733333333333332,2778.667540442706,1482.0,162,5056.809306919161
1.7499999999999987,2802.302386877915,1503.0,161,5035.809306919161
1.7666666666666653,2825.813383101324,1524.0,160,5014.809306919161
1.7833333333333319,2849.4347335309885,1544.0,158,4994.809306919161
1.7999999999999985,2873.1137054173223,1562.0,157,4976.809306919161
1.816666666666665,2896.7523030417888,1580.0,157,4958.809306919161
1.8333333333333317,2920.4444945053706,1598.0,156,4940.809306919161
1.8499999999999983,2944.078829998253,1616.0,155,4922.809306919161
1.866666666666665,2967.644407135467,1633.0,154,4905.809306919161
1.8833333333333315,2991.243468014989,1650.0,153,4888.809306919161
1.8999999999999981,3015.021736272684,1666.0,153,4872.809306919161
1.9166666666666647,3038.976389586211,1683.0,152,4855.809306919161
1.9333333333333313,3063.0599367381456,1700.0,151,4838.809306919161
1.949999999999998,3087.3689866925615,1717.0,149,4821.809306919161
1.9666666666666646,3111.9401493510613,1733.0,149,4805.809306919161
1.9833333333333312,3136.7259819989144,1749.0,149,4789.809306919161
1.9999999999999978,3161.8381903062705,1765.0,149,4773.809306919161
2.0166666666666644,3187.3411154464993,1781.0,149,4757.809306919161
2.033333333333331,3213.26441829017,1797.0,148,4741.809306919161
2.0499999999999976,3239.5695638717843,1813.0,147,4725.809306919161
2.066666666666664,3266.268434807588,1828.0,146,4710.809306919161
2.083333333333331,3293.613905731692,1842.0,146,4696.809306919161
2.0999999999999974,3321.4037891732555,1856.0,146,4682.809306919161
2.116666666666664,3349.51463751361,1870.0,146,4668.809306919161
2.1333333333333306,3377.7866902918604,1884.0,146,4654.809306919161
2.1499999999999972,3406.298767578306,1898.0,146,4640.809306919161
2.166666666666664,3434.9390944899224,1913.0,145,4625.809306919161
2.1833333333333305,3463.626636392963,1927.0,145,4611.809306919161
2.199999999999997,3492.3879186944228,1943.0,145,4595.809306919161
2.2166666666666637,3521.2300845667387,1958.0,145,4580.809306919161
2.2333333333333303,3550.0616145809427,1974.0,145,4564.809306919161
2.249999999999997,3578.932596795876,1990.0,144,4548.809306919161
2.2666666666666635,3607.980659048686,2006.0,144,4532.809306919161
2.28333333333333,3637.0248463276516,2021.0,143,4517.809306919161
2.2999999999999967,3665.8041467917237,2037.0,142,4501.809306919161
2.3166666666666633,3694.4084054488812,2052.0,141,4486.809306919161
2.33333333333333,3723.1231497952467,2065.0,141,4473.809306919161
2.3499999999999965,3752.098002495863,2079.0,140,4459.809306919161
2.366666666666663,3781.262113027669,2092.0,139,4446.809306919161
2.3833333333333298,3810.612497101552,2106.0,139,4432.809306919161
2.3999999999999964,3839.994614473755,2122.0,138,4416.809306919161
2.416666666666663,3869.5390376145724,2137.0,137,4401.809306919161
2.4333333333333296,3899.2202292955385,2152.0,136,4386.809306919161
2.449999999999996,3929.0414523433788,2166.0,136,4372.809306919161
2.466666666666663,3958.723136391892,2180.0,136,4358.809306919161
2.4833333333333294,3988.3614655038323,2195.0,136,4343.809306919161
2.499999999999996,4018.0048061816688,2209.0,136,4329.809306919161
2.5166666666666626,4047.6859279294104,2225.0,135,4313.809306919161
2.533333333333329,4077.4423864899527,2240.0,135,4298.809306919161
2.549999999999996,4107.197119510962,2256.0,135,4282.809306919161
2.5666666666666624,4137.007410685198,2272.0,135,4266.809306919161
2.583333333333329,4166.795744720505,2288.0,135,4250.809306919161
2.5999999999999956,4196.295614763057,2305.0,133,4233.809306919161
2.6166666666666623,4225.592441786499,2320.0,132,4218.809306919161
2.633333333333329,4254.680182329378,2334.0,132,4204.809306919161
2.6499999999999955,4283.929190802158,2349.0,132,4189.809306919161
2.666666666666662,4313.22910237029,2365.0,132,4173.809306919161
2.6833333333333287,4342.512810787162,2381.0,131,4157.809306919161
2.6999999999999953,4371.763698044322,2396.0,130,4142.809306919161
2.716666666666662,4401.077773175932,2410.0,129,4128.809306919161
2.7333333333333285,4430.329399943987,2423.0,129,4115.809306919161
2.749999999999995,4459.799665173465,2435.0,129,4103.809306919161
2.7666666666666617,4489.480769983738,2448.0,129,4090.809306919161
2.7833333333333283,4519.356571216974,2462.0,129,4076.809306919161
2.799999999999995,4549.390343649875,2475.0,129,4063.809306919161
2.8166666666666615,4579.38212154647,2490.0,129,4048.809306919161
2.833333333333328,4609.164121288755,2507.0,129,4031.809306919161
2.8499999999999948,4638.836198027203,2523.0,128,4015.809306919161
2.8666666666666614,4668.414036201692,2538.0,128,4000.809306919161
2.883333333333328,4698.110319670559,2554.0,128,3984.809306919161
2.8999999999999946,4727.921019396279,2571.0,128,3967.809306919161
2.916666666666661,4757.6720248090205,2590.0,128,3948.809306919161
2.933333333333328,4787.1059537919655,2609.0,126,3929.809306919161
2.9499999999999944,4816.120702037556,2625.0,126,3913.809306919161
2.966666666666661,4845.018869212251,2641.0,125,3897.809306919161
2.9833333333333276,4873.639760043938,2657.0,124,3881.809306919161
2.9999999999999942,4902.219321539043,2673.0,123,3865.809306919161
3.016666666666661,4930.8006630051705,2686.0,123,3852.809306919161
3.0333333333333274,4959.3310887586385,2699.0,123,3839.809306919161
3.049999999999994,4987.783640816102,2715.0,123,3823.809306919161
3.0666666666666607,5016.258259488768,2728.0,122,3810.809306919161
3.0833333333333273,5044.622084947098,2745.0,122,3793.809306919161
3.099999999999994,5072.817829055365,2761.0,121,3777.809306919161
3.1166666666666605,5100.951951609593,2777.0,120,3761.809306919161
3.133333333333327,5128.99429357589,2794.0,120,3744.809306919161
3.1499999999999937,5156.86640918435,2810.0,120,3728.809306919161
3.1666666666666603,5184.592356406627,2828.0,120,3710.809306919161
3.183333333333327,5212.262553510374,2845.0,120,3693.809306919161
3.1999999999999935,5239.819708200696,2863.0,120,3675.809306919161
3.21666666666666,5267.306040207153,2881.0,119,3657.809306919161
3.2333333333333267,5294.940509268591,2898.0,119,3640.809306919161
3.2499999999999933,5322.620525001931,2915.0,119,3623.809306919161
3.26666666666666,5350.3752613247325,2934.0,118,3604.809306919161
3.2833333333333266,5378.274727130173,2952.0,118,3586.809306919161
3.299999999999993,5406.264785594695,2970.0,117,3568.809306919161
3.3166666666666598,5434.570535436265,2987.0,114,3551.809306919161
3.3333333333333264,5463.188892862253,3001.0,114,3537.809306919161
3.349999999999993,5492.086311061277,3016.0,114,3522.809306919161
3.3666666666666596,5521.422273909712,3031.0,113,3507.809306919161
3.383333333333326,5551.184263349528,3045.0,113,3493.809306919161
3.399999999999993,5581.374057240023,3059.0,111,3479.809306919161
3.4166666666666594,5612.144462041049,3072.0,110,3466.809306919161
3.433333333333326,5643.578126482307,3085.0,110,3453.809306919161
3.4499999999999926,5675.61619290311,3098.0,110,3440.809306919161
3.4666666666666592,5708.265781062142,3111.0,109,3427.809306919161
3.483333333333326,5741.543302443886,3123.0,107,3415.809306919161
3.4999999999999925,5775.268393903154,3134.0,107,3404.809306919161
3.516666666666659,5809.491331962263,3146.0,106,3392.809306919161
3.5333333333333257,5843.948199618829,3157.0,106,3381.809306919161
3.5499999999999923,5878.671882916848,3169.0,106,3369.809306919161
3.566666666666659,5913.586394963694,3182.0,106,3356.809306919161
3.5833333333333255,5948.741524779399,3195.0,106,3343.809306919161
3.599999999999992,5984.022823685878,3208.0,106,3330.809306919161
3.6166666666666587,6019.441007255337,3222.0,106,3316.809306919161
3.6333333333333253,6054.765117930837,3236.0,106,3302.809306919161
3.649999999999992,6089.962391032361,3251.0,106,3287.809306919161
3.6666666666666585,6125.083421629178,3265.0,106,3273.809306919161
3.683333333333325,6159.766135292299,3282.0,106,3256.809306919161
3.6999999999999917,6194.0086571274205,3297.0,105,3241.809306919161
3.7166666666666583,6227.774421994813,3313.0,105,3225.809306919161
3.733333333333325,6261.128489436179,3330.0,105,3208.809306919161
3.7499999999999916,6294.012839439942,3348.0,105,3190.809306919161
3.766666666666658,6326.476639857588,3365.0,105,3173.809306919161
3.7833333333333248,6358.201662920828,3383.0,105,3155.809306919161
3.7999999999999914,6389.2852730305,3403.0,105,3135.809306919161
3.816666666666658,6419.802720528192,3422.0,105,3116.809306919161
3.8333333333333246,6449.772278092134,3442.0,103,3096.809306919161
3.849999999999991,6478.912560007566,3462.0,102,3076.809306919161
3.866666666666658,6507.802835481564,3481.0,102,3057.809306919161
3.8833333333333244,6536.632711814671,3500.0,101,3038.809306919161
3.899999999999991,6565.325585404705,3518.0,99,3020.809306919161
3.9166666666666576,6593.956961999912,3534.0,98,3004.809306919161
3.9333333333333242,6622.720070215312,3548.0,98,2990.809306919161
3.949999999999991,6651.714826638642,3564.0,98,2974.809306919161
3.9666666666666575,6681.079114466783,3579.0,97,2959.809306919161
3.983333333333324,6710.776883360705,3594.0,96,2944.809306919161
3.9999999999999907,6740.765932616563,3607.0,95,2931.809306919161
4.016666666666658,6771.293982870316,3620.0,95,2918.809306919161
4.033333333333324,6802.031489310768,3632.0,95,2906.809306919161
4.049999999999991,6833.060498377705,3645.0,95,2893.809306919161
4.0666666666666575,6864.269323080972,3657.0,94,2881.809306919161
4.083333333333324,6895.744272482393,3669.0,93,2869.809306919161
4.099999999999991,6927.54464848983,3680.0,93,2858.809306919161
4.116666666666657,6959.835680778488,3692.0,93,2846.809306919161
4.133333333333324,6992.481509451675,3703.0,93,2835.809306919161
4.149999999999991,7025.733377714599,3715.0,92,2823.809306919161
4.166666666666657,7059.356664410695,3724.0,92,2814.809306919161
4.183333333333324,7093.767510258056,3735.0,92,2803.809306919161
4.19999999999999,7128.954169456793,3745.0,92,2793.809306919161
4.216666666666657,7164.705903525212,3757.0,92,2781.809306919161
4.233333333333324,7200.926505081368,3767.0,92,2771.809306919161
4.24999999999999,7237.413660826328,3780.0,92,2758.809306919161
4.266666666666657,7274.124180520028,3792.0,92,2746.809306919161
4.2833333333333234,7311.140556975892,3805.0,92,2733.809306919161
4.29999999999999,7348.270626232939,3818.0,92,2720.809306919161
4.316666666666657,7385.673798000994,3832.0,92,2706.809306919161
4.333333333333323,7423.112327906222,3845.0,92,2693.809306919161
4.34999999999999,7460.687933844923,3859.0,92,2679.809306919161
4.3666666666666565,7498.179190679434,3874.0,91,2664.809306919161
4.383333333333323,7535.842990409045,3887.0,91,2651.809306919161
4.39999999999999,7574.013819719519,3900.0,91,2638.809306919161
4.416666666666656,7612.3655339564975,3914.0,90,2624.809306919161
4.433333333333323,7650.945079129962,3927.0,90,2611.809306919161
4.4499999999999895,7690.088749853674,3939.0,90,2599.809306919161
4.466666666666656,7729.2905059391705,3952.0,89,2586.809306919161
4.483333333333323,7768.679088156379,3964.0,87,2574.809306919161
4.499999999999989,7808.503113585333,3973.0,85,2565.809306919161
4.516666666666656,7848.584898081556,3983.0,85,2555.809306919161
4.533333333333323,7888.938970283383,3990.0,85,2548.809306919161
4.549999999999989,7929.189517582087,4000.0,85,2538.809306919161
4.566666666666656,7969.16488748398,4010.0,85,2528.809306919161
4.583333333333322,8008.839912558942,4020.0,85,2518.809306919161
4.599999999999989,8048.316223952255,4031.0,85,2507.809306919161
4.616666666666656,8087.5126309574625,4042.0,84,2496.809306919161
4.633333333333322,8126.490582889482,4052.0,84,2486.809306919161
4.649999999999989,8165.341478862492,4063.0,84,2475.809306919161
4.666666666666655,8204.03801017073,4074.0,83,2464.809306919161
4.683333333333322,8242.577886182213,4085.0,83,2453.809306919161
4.699999999999989,8281.005504384666,4097.0,81,2441.809306919161
4.716666666666655,8319.359983000262,4108.0,81,2430.809306919161
4.733333333333322,8357.839624410819,4119.0,80,2419.809306919161
4.7499999999999885,8396.613996539743,4130.0,80,2408.809306919161
4.766666666666655,8435.54584392638,4142.0,80,2396.809306919161
4.783333333333322,8474.709037496243,4156.0,80,2382.809306919161
4.799999999999988,8514.212954315477,4170.0,80,2368.809306919161
4.816666666666655,8554.06808879859,4184.0,80,2354.809306919161
4.8333333333333215,8594.303230228403,4198.0,80,2340.809306919161
4.849999999999988,8634.935533191767,4212.0,80,2326.809306919161
4.866666666666655,8675.771500562616,4226.0,80,2312.809306919161
4.883333333333321,8716.801814115628,4240.0,79,2298.809306919161
4.899999999999988,8758.554466203694,4251.0,78,2287.809306919161
4.9166666666666545,8800.713864667507,4262.0,78,2276.809306919161
4.933333333333321,8843.187516034905,4274.0,78,2264.809306919161
4.949999999999988,8885.70722603577,4285.0,78,2253.809306919161
4.966666666666654,8928.063722216386,4297.0,77,2241.809306919161
4.983333333333321,8970.60784718666,4308.0,76,2230.809306919161
4.999999999999988,9013.67561805805,4317.0,76,2221.809306919161
5.016666666666654,9057.037990276225,4326.0,126,3673.2545192117514
5.033333333333321,9100.601361704825,4336.0,126,3663.2545192117514
5.049999999999987,9144.224344930453,4348.0,126,3651.2545192117514
5.066666666666654,9187.80356299977,4360.0,126,3639.2545192117514
5.083333333333321,9231.16145289904,4371.0,125,3628.2545192117514
5.099999999999987,9274.472936685426,4382.0,125,3617.2545192117514
5.116666666666654,9317.69348582095,4393.0,125,3606.2545192117514
5.13333333333332,9360.732122014233,4404.0,125,3595.2545192117514
5.149999999999987,9403.70045592373,4415.0,125,3584.2545192117514
5.166666666666654,9446.64400756741,4428.0,124,3571.2545192117514
5.18333333333332,9489.470909475347,4440.0,124,3559.2545192117514
5.199999999999987,9532.154392835615,4452.0,123,3547.2545192117514
5.2166666666666535,9574.619645752206,4462.0,123,3537.2545192117514
5.23333333333332,9616.627836169431,4472.0,122,3527.2545192117514
5.249999999999987,9657.988500464779,4480.0,121,3519.2545192117514
5.266666666666653,9698.786525933283,4490.0,121,3509.2545192117514
5.28333333333332,9739.079133856982,4502.0,121,3497.2545192117514
5.2999999999999865,9779.133818448174,4514.0,121,3485.2545192117514
5.316666666666653,9818.988446051593,4526.0,121,3473.2545192117514
5.33333333333332,9858.799023476995,4538.0,120,3461.2545192117514
5.349999999999986,9898.406023048163,4549.0,119,3450.2545192117514
5.366666666666653,9937.849952575563,4561.0,119,3438.2545192117514
5.3833333333333195,9977.088968137878,4573.0,119,3426.2545192117514
5.399999999999986,10016.010344403763,4586.0,118,3413.2545192117514
5.416666666666653,10054.526097413787,4598.0,118,3401.2545192117514
5.433333333333319,10092.66995715554,4610.0,117,3389.2545192117514
5.449999999999986,10130.338013336392,4623.0,117,3376.2545192117514
5.466666666666653,10167.68967553327,4636.0,116,3363.2545192117514
5.483333333333319,10204.662975765785,4649.0,116,3350.2545192117514
5.499999999999986,10241.491131061312,4661.0,115,3338.2545192117514
5.516666666666652,10278.106695364791,4673.0,115,3326.2545192117514
5.533333333333319,10314.786036868274,4684.0,115,3315.2545192117514
5.549999999999986,10351.616820434221,4695.0,114,3304.2545192117514
5.566666666666652,10388.649437927023,4705.0,114,3294.2545192117514
5.583333333333319,10425.936294042956,4714.0,113,3285.2545192117514
5.599999999999985,10463.187111734822,4724.0,113,3275.2545192117514
5.616666666666652,10500.535377097394,4733.0,113,3266.2545192117514
5.633333333333319,10537.960551324666,4744.0,112,3255.2545192117514
5.649999999999985,10575.440303681846,4754.0,110,3245.2545192117514
5.666666666666652,10612.889793494423,4761.0,109,3238.2545192117514
5.6833333333333185,10650.791126485972,4767.0,109,3232.2545192117514
5.699999999999985,10688.991774562814,4774.0,108,3225.2545192117514
5.716666666666652,10727.47959042215,4779.0,107,3220.2545192117514
5.733333333333318,10766.405887000175,4784.0,107,3215.2545192117514
5.749999999999985,10805.648571743504,4790.0,106,3209.2545192117514
5.7666666666666515,10845.186230718507,4796.0,106,3203.2545192117514
5.783333333333318,10884.698626884496,4803.0,106,3196.2545192117514
5.799999999999985,10924.197990435669,4812.0,106,3187.2545192117514
5.816666666666651,10963.791824378373,4822.0,106,3177.2545192117514
5.833333333333318,11003.440453486717,4833.0,106,3166.2545192117514
5.8499999999999845,11043.243465448053,4844.0,106,3155.2545192117514
5.866666666666651,11083.044441267071,4855.0,106,3144.2545192117514
5.883333333333318,11122.991523896151,4866.0,106,3133.2545192117514
5.899999999999984,11163.481859445954,4877.0,106,3122.2545192117514
5.916666666666651,11204.27206149904,4888.0,105,3111.2545192117514
5.933333333333318,11245.382793688234,4898.0,105,3101.2545192117514
5.949999999999984,11286.479961797797,4908.0,105,3091.2545192117514
5.966666666666651,11327.62279662451,4919.0,105,3080.2545192117514
5.983333333333317,11368.77575780931,4930.0,105,3069.2545192117514
5.999999999999984,11410.021546604474,4942.0,105,3057.2545192117514
6.016666666666651,11451.403696058402,4954.0,105,3045.2545192117514
6.033333333333317,11493.015312862544,4966.0,104,3033.2545192117514
6.049999999999984,11534.964972424556,4977.0,104,3022.2545192117514
6.06666666666665,11577.226752273304,4989.0,104,3010.2545192117514
6.083333333333317,11619.707716615796,5002.0,104,2997.2545192117514
6.099999999999984,11662.397374158945,5015.0,103,2984.2545192117514
6.11666666666665,11705.302966792071,5027.0,103,2972.2545192117514
6.133333333333317,11748.326344758983,5040.0,103,2959.2545192117514
6.1499999999999835,11791.374796652663,5053.0,102,2946.2545192117514
6.16666666666665,11834.380754566904,5065.0,101,2934.2545192117514
6.183333333333317,11877.36239576195,5079.0,101,2920.2545192117514
6.199999999999983,11920.31849326599,5093.0,101,2906.2545192117514
6.21666666666665,11963.264938986764,5107.0,101,2892.2545192117514
6.2333333333333165,12006.110034559691,5121.0,100,2878.2545192117514
6.249999999999983,12048.760688565164,5134.0,100,2865.2545192117514
6.26666666666665,12091.114335554548,5148.0,99,2851.2545192117514
6.283333333333316,12133.096445607958,5161.0,99,2838.2545192117514
6.299999999999983,12174.601389903306,5174.0,98,2825.2545192117514
6.3166666666666496,12215.671820800237,5186.0,98,2813.2545192117514
6.333333333333316,12256.20046884563,5198.0,97,2801.2545192117514
6.349999999999983,12296.209550187219,5209.0,97,2790.2545192117514
6.366666666666649,12335.916928621411,5221.0,97,2778.2545192117514
6.383333333333316,12375.40873229217,5233.0,97,2766.2545192117514
6.399999999999983,12414.372912221288,5246.0,97,2753.2545192117514
6.416666666666649,12453.008010474987,5259.0,97,2740.2545192117514
6.433333333333316,12491.412207470217,5271.0,96,2728.2545192117514
6.449999999999982,12529.348028267832,5283.0,96,2716.2545192117514
6.466666666666649,12566.980938454686,5295.0,96,2704.2545192117514
6.483333333333316,12604.357934159729,5308.0,96,2691.2545192117514
6.499999999999982,12641.499994121397,5321.0,95,2678.2545192117514
6.516666666666649,12678.318321597184,5333.0,94,2666.2545192117514
6.5333333333333155,12714.879263195704,5346.0,93,2653.2545192117514
6.549999999999982,12751.260119244173,5359.0,93,2640.2545192117514
6.566666666666649,12787.303768853224,5372.0,93,2627.2545192117514
6.583333333333315,12822.969988177401,5387.0,93,2612.2545192117514
6.599999999999982,12858.360893119836,5401.0,93,2598.2545192117514
6.6166666666666485,12893.30278714331,5417.0,93,2582.2545192117514
6.633333333333315,12927.690225868084,5433.0,92,2566.2545192117514
6.649999999999982,12961.480221971298,5449.0,91,2550.2545192117514
6.666666666666648,12994.81260671833,5463.0,91,2536.2545192117514
6.683333333333315,13027.743355553655,5478.0,90,2521.2545192117514
6.6999999999999815,13060.215128649883,5492.0,90,2507.2545192117514
6.716666666666648,13092.507966871779,5506.0,90,2493.2545192117514
6.733333333333315,13124.70748795424,5520.0,90,2479.2545192117514
6.749999999999981,13156.911866320715,5536.0,88,2463.2545192117514
6.766666666666648,13189.149796364918,5551.0,88,2448.2545192117514
6.783333333333315,13221.631238062213,5566.0,87,2433.2545192117514
6.799999999999981,13254.343535711098,5579.0,86,2420.2545192117514
6.816666666666648,13287.33358248305,5591.0,86,2408.2545192117514
6.833333333333314,13320.797032438148,5606.0,85,2393.2545192117514
6.849999999999981,13354.389660597486,5620.0,85,2379.2545192117514
6.866666666666648,13388.161144351272,5633.0,85,2366.2545192117514
6.883333333333314,13422.363584744628,5645.0,85,2354.2545192117514
6.899999999999981,13456.758400847742,5658.0,84,2341.2545192117514
6.916666666666647,13491.456491376595,5670.0,84,2329.2545192117514
6.933333333333314,13526.153412524787,5682.0,84,2317.2545192117514
6.949999999999981,13561.08574782156,5694.0,84,2305.2545192117514
6.966666666666647,13595.991568272877,5707.0,84,2292.2545192117514
6.983333333333314,13631.115992424051,5719.0,84,2280.2545192117514
6.9999999999999805,13666.517159372575,5731.0,83,2268.2545192117514
7.016666666666647,13701.838386136022,5742.0,83,2257.2545192117514
7.033333333333314,13737.087760822611,5756.0,83,2243.2545192117514
7.04999999999998,13772.515429223658,5771.0,83,2228.2545192117514
7.066666666666647,13808.040725711127,5786.0,83,2213.2545192117514
7.0833333333333135,13843.697681175583,5801.0,83,2198.2545192117514
7.09999999999998,13879.444056163504,5818.0,81,2181.2545192117514
7.116666666666647,13915.245150263323,5833.0,80,2166.2545192117514
7.133333333333313,13951.355679670902,5846.0,80,2153.2545192117514
7.14999999999998,13987.47394266748,5860.0,80,2139.2545192117514
7.1666666666666465,14023.98283372464,5874.0,80,2125.2545192117514
7.183333333333313,14060.84440620873,5888.0,80,2111.2545192117514
7.19999999999998,14097.72386019619,5903.0,80,2096.2545192117514
7.216666666666646,14134.844316904799,5918.0,80,2081.2545192117514
7.233333333333313,14171.93524198702,5934.0,79,2065.2545192117514
7.24999999999998,14209.05298772941,5950.0,79,2049.2545192117514
7.266666666666646,14246.08610370282,5965.0,79,2034.2545192117514
7.283333333333313,14282.957577169966,5981.0,78,2018.2545192117514
7.299999999999979,14319.685722543167,5997.0,77,2002.2545192117514
7.316666666666646,14355.965755373047,6013.0,77,1986.2545192117514
7.333333333333313,14391.752574955679,6029.0,77,1970.2545192117514
7.349999999999979,14427.068646505333,6045.0,76,1954.2545192117514
7.366666666666646,14461.914013106069,6059.0,76,1940.2545192117514
7.383333333333312,14496.409994470087,6074.0,74,1925.2545192117514
7.399999999999979,14530.590613285445,6087.0,74,1912.2545192117514
7.416666666666646,14564.629325097134,6101.0,73,1898.2545192117514
7.433333333333312,14598.506167656187,6114.0,73,1885.2545192117514
7.449999999999979,14632.157550057234,6127.0,73,1872.2545192117514
7.4666666666666455,14665.825603074996,6140.0,73,1859.2545192117514
7.483333333333312,14699.625751100177,6153.0,70,1846.2545192117514
7.499999999999979,14733.758840188173,6164.0,70,1835.2545192117514
7.516666666666645,14768.167769332083,6176.0,70,1823.2545192117514
7.533333333333312,14803.063623996173,6190.0,70,1809.2545192117514
7.5499999999999785,14838.520711313038,6204.0,70,1795.2545192117514
7.566666666666645,14874.344860065421,6219.0,70,1780.2545192117514
7.583333333333312,14910.52596115638,6234.0,70,1765.2545192117514
7.599999999999978,14947.242725860398,6249.0,70,1750.2545192117514
7.616666666666645,14984.283166629104,6264.0,70,1735.2545192117514
7.6333333333333115,15021.875225716127,6278.0,70,1721.2545192117514
7.649999999999978,15059.28321851537,6293.0,70,1706.2545192117514
7.666666666666645,15096.368350805884,6308.0,70,1691.2545192117514
7.683333333333311,15132.754325672357,6322.0,65,1677.2545192117514
7.699999999999978,15168.66025796272,6333.0,64,1666.2545192117514
7.716666666666645,15204.048839925117,6343.0,64,1656.2545192117514
7.733333333333311,15239.592870918457,6355.0,63,1644.2545192117514
7.749999999999978,15275.13693113449,6366.0,63,1633.2545192117514
7.766666666666644,15310.920768199763,6377.0,60,1622.2545192117514
7.783333333333311,15346.809323989673,6385.0,60,1614.2545192117514
7.799999999999978,15382.929643616277,6393.0,60,1606.2545192117514
7.816666666666644,15419.229952960917,6400.0,60,1599.2545192117514
7.833333333333311,15455.91462839318,6407.0,60,1592.2545192117514
7.849999999999977,15492.996824030786,6414.0,60,1585.2545192117514
7.866666666666644,15530.552673327049,6422.0,60,1577.2545192117514
7.883333333333311,15568.693646003585,6430.0,60,1569.2545192117514
7.899999999999977,15607.487578046228,6438.0,59,1561.2545192117514
7.916666666666644,15646.926952823114,6445.0,59,1554.2545192117514
7.9333333333333105,15686.993639321618,6452.0,59,1547.2545192117514
7.949999999999977,15727.727642258147,6459.0,59,1540.2545192117514
7.966666666666644,15769.21620126354,6467.0,57,1532.2545192117514
7.98333333333331,15811.057514379478,6472.0,56,1527.2545192117514
7.999999999999977,15853.7116041094,6477.0,56,1522.2545192117514
8.016666666666644,15897.18634785178,6481.0,56,1518.2545192117514
8.033333333333312,15941.643031539457,6486.0,56,1513.2545192117514
8.04999999999998,15987.210104197437,6492.0,56,1507.2545192117514
8.066666666666647,16033.863019756585,6499.0,56,1500.2545192117514
8.083333333333314,16081.501462538952,6505.0,55,1494.2545192117514
8.099999999999982,16130.265842964815,6512.0,55,1487.2545192117514
8.11666666666665,16180.11602593693,6518.0,55,1481.2545192117514
8.133333333333317,16230.74176904815,6524.0,55,1475.2545192117514
8.149999999999984,16282.377746254673,6531.0,55,1468.2545192117514
8.166666666666652,16334.756606355553,6537.0,55,1462.2545192117514
8.18333333333332,16388.13665841192,6544.0,55,1455.2545192117514
8.199999999999987,16442.341926769226,6549.0,55,1450.2545192117514
8.216666666666654,16497.235798655456,6555.0,55,1444.2545192117514
8.233333333333322,16552.898713809853,6562.0,55,1437.2545192117514
8.24999999999999,16609.2118706933,6568.0,55,1431.2545192117514
8.266666666666657,16666.02195063093,6574.0,55,1425.2545192117514
8.283333333333324,16723.371079268392,6581.0,55,1418.2545192117514
8.299999999999992,16780.72148653056,6587.0,55,1412.2545192117514
8.31666666666666,16838.124951514917,6595.0,55,1404.2545192117514
8.333333333333327,16895.655627043063,6602.0,55,1397.2545192117514
8.349999999999994,16953.063092434793,6610.0,55,1389.2545192117514
8.366666666666662,17010.070536968313,6619.0,55,1380.2545192117514
8.38333333333333,17066.857453756755,6628.0,54,1371.2545192117514
8.399999999999997,17123.39937151161,6636.0,54,1363.2545192117514
8.416666666666664,17179.710211158937,6645.0,53,1354.2545192117514
8.433333333333332,17235.821389239474,6655.0,53,1344.2545192117514
8.45,17291.836199868856,6665.0,53,1334.2545192117514
8.466666666666667,17347.707960684336,6675.0,52,1324.2545192117514
8.483333333333334,17403.674164404227,6684.0,52,1315.2545192117514
8.500000000000002,17459.495123337685,6693.0,51,1306.2545192117514
8.51666666666667,17514.691791400426,6701.0,50,1298.2545192117514
8.533333333333337,17569.255863833045,6709.0,50,1290.2545192117514
8.550000000000004,17623.59755587841,6717.0,50,1282.2545192117514
8.566666666666672,17677.48020309211,6725.0,48,1274.2545192117514
8.58333333333334,17730.62846878325,6731.0,48,1268.2545192117514
8.600000000000007,17783.199325984053,6737.0,48,1262.2545192117514
8.616666666666674,17835.383768829837,6743.0,48,1256.2545192117514
8.633333333333342,17887.22985492001,6749.0,48,1250.2545192117514
8.65000000000001,17938.628516159642,6756.0,48,1243.2545192117514
8.666666666666677,17989.718951352974,6763.0,48,1236.2545192117514
8.683333333333344,18040.55509437876,6770.0,48,1229.2545192117514
8.700000000000012,18091.11043792254,6778.0,47,1221.2545192117514
8.71666666666668,18141.40738726049,6785.0,47,1214.2545192117514
8.733333333333347,18191.54925181836,6791.0,47,1208.2545192117514
8.750000000000014,18241.61929234639,6798.0,47,1201.2545192117514
8.766666666666682,18291.90531435093,6805.0,46,1194.2545192117514
8.78333333333335,18342.352815021794,6812.0,46,1187.2545192117514
8.800000000000017,18392.97042716174,6820.0,46,1179.2545192117514
8.816666666666684,18443.8113073509,6827.0,45,1172.2545192117514
8.833333333333352,18494.913235190204,6834.0,45,1165.2545192117514
8.85000000000002,18546.12931583058,6840.0,45,1159.2545192117514
8.866666666666687,18597.606189256763,6847.0,45,1152.2545192117514
8.883333333333354,18649.343522108815,6854.0,44,1145.2545192117514
8.900000000000022,18701.28019573734,6859.0,44,1140.2545192117514
8.91666666666669,18753.31966877054,6865.0,43,1134.2545192117514
8.933333333333357,18805.615621844303,6869.0,43,1130.2545192117514
8.950000000000024,18858.511195477364,6874.0,43,1125.2545192117514
8.966666666666692,18911.866105420944,6878.0,42,1121.2545192117514
8.98333333333336,18965.752265474744,6882.0,42,1117.2545192117514
9.000000000000027,19019.49503856767,6886.0,42,1113.2545192117514
9.016666666666694,19073.20952270812,6890.0,41,1109.2545192117514
9.033333333333362,19126.83366460052,6893.0,41,1106.2545192117514
9.05000000000003,19180.797106676608,6895.0,41,1104.2545192117514
9.066666666666697,19234.623978671887,6898.0,41,1101.2545192117514
9.083333333333364,19288.5489469597,6904.0,41,1095.2545192117514
9.100000000000032,19342.406231493787,6910.0,41,1089.2545192117514
9.1166666666667,19396.239174623235,6916.0,41,1083.2545192117514
9.133333333333367,19450.068329595633,6922.0,41,1077.2545192117514
9.150000000000034,19503.779633843533,6928.0,41,1071.2545192117514
9.166666666666702,19557.53440059493,6934.0,41,1065.2545192117514
9.183333333333369,19611.088353749863,6940.0,40,1059.2545192117514
9.200000000000037,19664.690497376203,6946.0,40,1053.2545192117514
9.216666666666704,19718.337899292324,6951.0,40,1048.2545192117514
9.233333333333372,19772.246163846405,6956.0,39,1043.2545192117514
9.250000000000039,19826.04899457011,6961.0,39,1038.2545192117514
9.266666666666707,19880.026713816755,6966.0,39,1033.2545192117514
9.283333333333374,19933.946544156053,6970.0,39,1029.2545192117514
9.300000000000042,19987.720718076398,6975.0,38,1024.2545192117514
9.316666666666709,20041.70900126993,6980.0,38,1019.2545192117514
9.333333333333377,20095.929685218573,6986.0,38,1013.2545192117514
9.350000000000044,20150.32658871277,6992.0,38,1007.2545192117514
9.366666666666712,20204.98219590064,6999.0,37,1000.2545192117514
9.383333333333379,20259.81684279184,7005.0,37,994.2545192117514
9.400000000000047,20315.277715261207,7011.0,37,988.2545192117514
9.416666666666714,20370.824714371844,7017.0,34,982.2545192117514
9.433333333333382,20426.77842015214,7020.0,34,979.2545192117514
9.450000000000049,20483.12182542474,7023.0,34,976.2545192117514
9.466666666666717,20539.94577230306,7026.0,34,973.2545192117514
9.483333333333384,20597.357361690054,7029.0,34,970.2545192117514
9.500000000000052,20655.41955454138,7032.0,34,967.2545192117514
9.516666666666719,20714.186947840986,7035.0,34,964.2545192117514
9.533333333333387,20773.636305216634,7038.0,34,961.2545192117514
9.550000000000054,20833.652418208676,7041.0,34,958.2545192117514
9.566666666666721,20894.233296575523,7045.0,34,954.2545192117514
9.583333333333389,20955.331021800044,7049.0,32,950.2545192117514
9.600000000000056,21016.868697746482,7051.0,32,948.2545192117514
9.616666666666724,21078.97675755933,7053.0,32,946.2545192117514
9.633333333333391,21141.58917798019,7055.0,32,944.2545192117514
9.650000000000059,21204.628874931546,7058.0,32,941.2545192117514
9.666666666666726,21268.116625515824,7061.0,32,938.2545192117514
9.683333333333394,21332.00457932608,7064.0,32,935.2545192117514
9.700000000000061,21396.372709813484,7067.0,32,932.2545192117514
9.716666666666729,21461.259170161145,7070.0,32,929.2545192117514
9.733333333333396,21526.69425710562,7073.0,32,926.2545192117514
9.750000000000064,21592.523932087355,7076.0,32,923.2545192117514
9.766666666666731,21658.760416831392,7079.0,32,920.2545192117514
9.783333333333399,21725.40137563759,7082.0,32,917.2545192117514
9.800000000000066,21792.42648455809,7086.0,32,913.2545192117514
9.816666666666734,21859.89641228471,7089.0,32,910.2545192117514
9.833333333333401,21927.686429255882,7093.0,32,906.2545192117514
9.850000000000069,21995.734351854753,7097.0,32,902.2545192117514
9.866666666666736,22064.164384552267,7100.0,32,899.2545192117514
9.883333333333404,22132.700784433102,7104.0,32,895.2545192117514
9.900000000000071,22201.607681321788,7108.0,32,891.2545192117514
9.916666666666739,22270.65299518195,7112.0,32,887.2545192117514
9.933333333333406,22339.829980848703,7115.0,31,884.2545192117514
9.950000000000074,22409.282822406854,7119.0,30,880.2545192117514
9.966666666666741,22478.506739012548,7122.0,30,877.2545192117514
9.983333333333409,22547.375970997233,7125.0,30,874.2545192117514
10.000000000000076,22615.71923210375,7128.0,30,871.2545192117514
10.016666666666744,22683.69172391462,7131.0,80,2543.9702039413764
10.033333333333411,22751.320440069463,7135.0,80,2539.9702039413764
10.050000000000079,22818.129577719978,7139.0,80,2535.9702039413764
10.066666666666746,22884.47800959258,7143.0,80,2531.9702039413764
10.083333333333414,22950.001198764272,7147.0,80,2527.9702039413764
10.100000000000081,23015.30892968724,7151.0,80,2523.9702039413764
10.116666666666749,23080.085232398105,7155.0,80,2519.9702039413764
10.133333333333416,23144.263330664005,7159.0,80,2515.9702039413764
10.150000000000084,23207.807064829514,7164.0,80,2510.9702039413764
10.166666666666751,23270.561590955993,7169.0,80,2505.9702039413764
10.183333333333419,23332.55525342963,7174.0,78,2500.9702039413764
10.200000000000086,23393.571397161773,7177.0,78,2497.9702039413764
10.216666666666754,23453.971515368652,7180.0,78,2494.9702039413764
10.233333333333421,23513.4556744458,7183.0,78,2491.9702039413764
10.250000000000089,23572.098949372772,7186.0,78,2488.9702039413764
10.266666666666756,23629.869270210263,7188.0,78,2486.9702039413764
10.283333333333424,23686.711549327447,7192.0,78,2482.9702039413764
10.300000000000091,23742.581949905245,7197.0,78,2477.9702039413764
10.316666666666759,23797.60080195249,7201.0,78,2473.9702039413764
10.333333333333426,23851.69767885868,7205.0,78,2469.9702039413764
10.350000000000094,23904.774929933294,7211.0,78,2463.9702039413764
10.366666666666761,23956.997611593775,7216.0,77,2458.9702039413764
10.383333333333429,24008.560876473366,7221.0,77,2453.9702039413764
10.400000000000096,24059.247446141973,7224.0,77,2450.9702039413764
10.416666666666764,24109.45968230907,7229.0,77,2445.9702039413764
10.433333333333431,24158.875757164562,7235.0,77,2439.9702039413764
10.450000000000099,24207.76753190905,7241.0,77,2433.9702039413764
10.466666666666766,24256.164879498672,7245.0,77,2429.9702039413764
10.483333333333434,24304.125860196207,7252.0,77,2422.9702039413764
10.500000000000101,24351.643175985697,7260.0,77,2414.9702039413764
10.516666666666769,24398.78917627404,7267.0,77,2407.9702039413764
10.533333333333436,24445.599053439477,7275.0,77,2399.9702039413764
10.550000000000104,24492.15821032458,7283.0,77,2391.9702039413764
10.566666666666771,24538.484405899344,7291.0,77,2383.9702039413764
10.583333333333439,24584.57385159096,7299.0,77,2375.9702039413764
10.600000000000106,24630.518395223058,7307.0,77,2367.9702039413764
10.616666666666774,24676.432683569616,7315.0,77,2359.9702039413764
10.633333333333441,24722.433795804558,7323.0,76,2351.9702039413764
10.650000000000109,24768.363525640605,7330.0,76,2344.9702039413764
10.666666666666776,24814.153852785792,7338.0,76,2336.9702039413764
10.683333333333444,24859.61908900003,7346.0,76,2328.9702039413764
10.700000000000111,24904.768963992738,7354.0,76,2320.9702039413764
10.716666666666779,24949.611640158517,7362.0,75,2312.9702039413764
10.733333333333446,24994.113878133387,7370.0,75,2304.9702039413764
10.750000000000114,25038.510740124002,7380.0,74,2294.9702039413764
10.766666666666781,25082.914775689937,7389.0,74,2285.9702039413764
10.783333333333449,25127.512064994127,7398.0,74,2276.9702039413764
10.800000000000116,25172.255346364956,7407.0,74,2267.9702039413764
10.816666666666784,25216.766633626197,7417.0,74,2257.9702039413764
10.833333333333451,25261.210552000834,7428.0,74,2246.9702039413764
10.850000000000119,25305.465895221467,7439.0,74,2235.9702039413764
10.866666666666786,25349.67818451609,7450.0,73,2224.9702039413764
10.883333333333454,25393.780799219865,7460.0,73,2214.9702039413764
10.900000000000121,25437.780143070704,7471.0,73,2203.9702039413764
10.916666666666789,25481.807472044875,7482.0,72,2192.9702039413764
10.933333333333456,25525.786659386406,7493.0,72,2181.9702039413764
10.950000000000124,25569.780463010473,7504.0,72,2170.9702039413764
10.966666666666791,25613.86625537951,7515.0,72,2159.9702039413764
10.983333333333459,25658.07211150858,7526.0,72,2148.9702039413764
11.000000000000126,25702.30323626294,7537.0,72,2137.9702039413764
11.016666666666794,25746.587704278863,7549.0,71,2125.9702039413764
11.033333333333461,25791.103559093575,7560.0,71,2114.9702039413764
11.050000000000129,25835.677639852383,7572.0,71,2102.9702039413764
11.066666666666796,25880.054533014507,7583.0,71,2091.9702039413764
11.083333333333464,25924.1309170406,7594.0,71,2080.9702039413764
11.100000000000131,25968.084898214438,7606.0,70,2068.9702039413764
11.116666666666799,26011.860590721266,7618.0,70,2056.9702039413764
11.133333333333466,26055.480355534382,7630.0,70,2044.9702039413764
11.150000000000134,26098.947591665074,7643.0,70,2031.9702039413764
11.166666666666801,26142.27030205084,7656.0,69,2018.9702039413764
11.183333333333469,26185.55216677994,7669.0,69,2005.9702039413764
11.200000000000136,26228.73678591383,7682.0,68,1992.9702039413764
11.216666666666804,26271.64283769193,7694.0,66,1980.9702039413764
11.233333333333471,26314.71476656821,7705.0,65,1969.9702039413764
11.250000000000139,26357.73617444788,7715.0,65,1959.9702039413764
11.266666666666806,26400.778494964467,7726.0,65,1948.9702039413764
11.283333333333474,26444.07238680008,7737.0,65,1937.9702039413764
11.300000000000141,26487.4568599748,7748.0,65,1926.9702039413764
11.316666666666809,26530.750363951192,7759.0,63,1915.9702039413764
11.333333333333476,26573.803482751777,7768.0,63,1906.9702039413764
11.350000000000144,26616.954554586984,7778.0,63,1896.9702039413764
11.366666666666811,26660.3593785793,7789.0,62,1885.9702039413764
11.383333333333479,26703.655247547515,7799.0,62,1875.9702039413764
11.400000000000146,26747.047356753876,7809.0,62,1865.9702039413764
11.416666666666814,26790.38365914997,7819.0,62,1855.9702039413764
11.433333333333481,26833.618478351582,7830.0,61,1844.9702039413764
11.450000000000149,26876.57166406688,7839.0,61,1835.9702039413764
11.466666666666816,26919.455943049,7849.0,60,1825.9702039413764
11.483333333333483,26962.079448872944,7858.0,60,1816.9702039413764
11.500000000000151,27004.64704283429,7867.0,60,1807.9702039413764
11.516666666666818,27047.405213107377,7876.0,59,1798.9702039413764
11.533333333333486,27090.588025865716,7883.0,59,1791.9702039413764
11.550000000000153,27133.971252651747,7892.0,59,1782.9702039413764
11.566666666666821,27177.708284860397,7900.0,59,1774.9702039413764
11.583333333333488,27221.599628155407,7909.0,59,1765.9702039413764
11.600000000000156,27265.892544732367,7917.0,59,1757.9702039413764
11.616666666666823,27310.363568114102,7927.0,59,1747.9702039413764
11.633333333333491,27355.266711902816,7936.0,59,1738.9702039413764
11.650000000000158,27400.545184306153,7946.0,59,1728.9702039413764
11.666666666666826,27446.21310978914,7956.0,59,1718.9702039413764
11.683333333333493,27492.280893309555,7966.0,59,1708.9702039413764
11.700000000000161,27538.70528353061,7977.0,57,1697.9702039413764
11.716666666666828,27585.139354486164,7987.0,57,1687.9702039413764
11.733333333333496,27631.23825110676,7997.0,56,1677.9702039413764
11.750000000000163,27677.099746790675,8006.0,55,1668.9702039413764
11.766666666666831,27722.77961118502,8014.0,55,1660.9702039413764
11.783333333333498,27768.08446037853,8021.0,55,1653.9702039413764
11.800000000000166,27813.192736691177,8029.0,55,1645.9702039413764
11.816666666666833,27858.0985451697,8036.0,55,1638.9702039413764
11.833333333333501,27902.82846564159,8044.0,54,1630.9702039413764
11.850000000000168,27947.294352551628,8050.0,53,1624.9702039413764
11.866666666666836,27991.651709224327,8056.0,53,1618.9702039413764
11.883333333333503,28036.121844561625,8063.0,53,1611.9702039413764
11.90000000000017,28080.51287897493,8070.0,53,1604.9702039413764
11.916666666666838,28124.874910793707,8078.0,53,1596.9702039413764
11.933333333333506,28169.22438601284,8086.0,53,1588.9702039413764
11.950000000000173,28213.698092865612,8095.0,53,1579.9702039413764
11.96666666666684,28257.936976514186,8103.0,53,1571.9702039413764
11.983333333333508,28302.173938012817,8112.0,53,1562.9702039413764
12.000000000000176,28346.223462199847,8122.0,52,1552.9702039413764
12.016666666666843,28389.77387346996,8131.0,52,1543.9702039413764
12.03333333333351,28432.97138263393,8140.0,52,1534.9702039413764
12.050000000000178,28475.955888759287,8149.0,52,1525.9702039413764
12.066666666666846,28518.73857137624,8157.0,52,1517.9702039413764
12.083333333333513,28561.526459476994,8168.0,52,1506.9702039413764
12.10000000000018,28604.0572658215,8180.0,52,1494.9702039413764
12.116666666666848,28646.625705259234,8191.0,52,1483.9702039413764
12.133333333333516,28689.086102316018,8203.0,52,1471.9702039413764
12.150000000000183,28731.33250833053,8215.0,52,1459.9702039413764
12.16666666666685,28773.3720801199,8229.0,51,1445.9702039413764
12.183333333333518,28815.18064881737,8242.0,50,1432.9702039413764
12.200000000000186,28856.993580982147,8254.0,49,1420.9702039413764
12.216666666666853,28898.78093198061,8265.0,49,1409.9702039413764
12.23333333333352,28940.619852097305,8276.0,48,1398.9702039413764
12.250000000000188,28982.457649467495,8286.0,48,1388.9702039413764
12.266666666666856,29024.426342211616,8297.0,47,1377.9702039413764
12.283333333333523,29066.66795967825,8307.0,46,1367.9702039413764
12.30000000000019,29109.184745309278,8316.0,45,1358.9702039413764
12.316666666666858,29151.74148900679,8325.0,45,1349.9702039413764
12.333333333333526,29194.368089508916,8334.0,44,1340.9702039413764
12.350000000000193,29236.90101968334,8343.0,44,1331.9702039413764
12.36666666666686,29279.1777871219,8352.0,44,1322.9702039413764
12.383333333333528,29321.458492564467,8361.0,44,1313.9702039413764
12.400000000000196,29363.599893819468,8370.0,44,1304.9702039413764
12.416666666666863,29406.042392445863,8378.0,44,1296.9702039413764
12.43333333333353,29448.497509975878,8386.0,44,1288.9702039413764
12.450000000000198,29490.77564859109,8395.0,42,1279.9702039413764
12.466666666666866,29533.545537771173,8403.0,42,1271.9702039413764
12.483333333333533,29576.756027687446,8412.0,42,1262.9702039413764
12.5000000000002,29620.514954197366,8421.0,41,1253.9702039413764
12.516666666666868,29664.58015126596,8430.0,41,1244.9702039413764
12.533333333333536,29709.07204794287,8439.0,41,1235.9702039413764
12.550000000000203,29754.037764087687,8448.0,41,1226.9702039413764
12.56666666666687,29799.521601340304,8457.0,41,1217.9702039413764
12.583333333333538,29845.75190330055,8466.0,41,1208.9702039413764
12.600000000000206,29892.66849074254,8475.0,40,1199.9702039413764
12.616666666666873,29940.25988833966,8484.0,40,1190.9702039413764
12.63333333333354,29988.480796928874,8493.0,40,1181.9702039413764
12.650000000000208,30037.210480914888,8502.0,40,1172.9702039413764
12.666666666666876,30086.4365374861,8511.0,40,1163.9702039413764
12.683333333333543,30136.180355633474,8520.0,40,1154.9702039413764
12.70000000000021,30186.45314560423,8529.0,40,1145.9702039413764
12.716666666666878,30237.326839367495,8538.0,40,1136.9702039413764
12.733333333333546,30288.682002061676,8547.0,40,1127.9702039413764
12.750000000000213,30340.14111144565,8556.0,39,1118.9702039413764
12.76666666666688,30391.773048961386,8564.0,39,1110.9702039413764
12.783333333333548,30443.45100977,8572.0,39,1102.9702039413764
12.800000000000216,30495.151157695447,8580.0,39,1094.9702039413764
12.816666666666883,30546.73732301282,8590.0,39,1084.9702039413764
12.83333333333355,30597.97031199233,8601.0,39,1073.9702039413764
12.850000000000218,30648.795020256162,8612.0,39,1062.9702039413764
12.866666666666886,30699.27442896738,8622.0,39,1052.9702039413764
12.883333333333553,30749.349771839283,8634.0,39,1040.9702039413764
12.90000000000022,30799.127533936233,8647.0,39,1027.9702039413764
12.916666666666888,30848.471830575716,8660.0,37,1014.9702039413764
12.933333333333556,30897.267334998123,8672.0,37,1002.9702039413764
12.950000000000223,30945.73758582015,8684.0,36,990.9702039413764
12.96666666666689,30993.9197672177,8696.0,36,978.9702039413764
12.983333333333558,31041.96900808914,8708.0,35,966.9702039413764
13.000000000000226,31090.245535460646,8719.0,35,955.9702039413764
13.016666666666893,31138.63516415461,8729.0,35,945.9702039413764
13.03333333333356,31187.03781039527,8741.0,35,933.9702039413764
13.050000000000228,31235.553495170447,8752.0,35,922.9702039413764
13.066666666666896,31283.947199867052,8764.0,34,910.9702039413764
13.083333333333563,31332.342152232584,8774.0,34,900.9702039413764
13.10000000000023,31380.63209452639,8785.0,34,889.9702039413764
13.116666666666898,31429.10256181498,8795.0,33,879.9702039413764
13.133333333333566,31477.558790633102,8805.0,33,869.9702039413764
13.150000000000233,31526.052162323744,8817.0,33,857.9702039413764
13.1666666666669,31574.35439070084,8829.0,33,845.9702039413764
13.183333333333568,31622.470897141222,8841.0,33,833.9702039413764
13.200000000000236,31670.540653832424,8852.0,33,822.9702039413764
13.216666666666903,31718.565933795522,8864.0,33,810.9702039413764
13.23333333333357,31766.616537889713,8876.0,32,798.9702039413764
13.250000000000238,31814.541005838037,8887.0,32,787.9702039413764
13.266666666666906,31862.645281574747,8898.0,32,776.9702039413764
13.283333333333573,31910.812244799665,8909.0,31,765.9702039413764
13.30000000000024,31958.952370984945,8919.0,31,755.9702039413764
13.316666666666908,32006.973608011944,8929.0,31,745.9702039413764
13.333333333333576,32055.17363057679,8939.0,31,735.9702039413764
13.350000000000243,32103.311985873443,8949.0,31,725.9702039413764
13.36666666666691,32151.68791135639,8959.0,31,715.9702039413764
13.383333333333578,32200.399829639253,8969.0,30,705.9702039413764
13.400000000000245,32249.290082429696,8978.0,30,696.9702039413764
13.416666666666913,32298.44918756482,8987.0,30,687.9702039413764
13.43333333333358,32347.79600047422,8996.0,30,678.9702039413764
13.450000000000248,32397.3685453736,9005.0,30,669.9702039413764
13.466666666666915,32447.243089140473,9014.0,29,660.9702039413764
13.483333333333583,32497.393032927983,9021.0,28,653.9702039413764
13.50000000000025,32547.954246647147,9028.0,28,646.9702039413764
13.516666666666918,32598.947884313682,9035.0,28,639.9702039413764
13.533333333333585,32650.58438528805,9042.0,27,632.9702039413764
13.550000000000253,32702.979139018276,9049.0,26,625.9702039413764
13.56666666666692,32756.09244951404,9055.0,26,619.9702039413764
13.583333333333588,32809.91785677074,9061.0,25,613.9702039413764
13.600000000000255,32864.21911357737,9066.0,25,608.9702039413764
13.616666666666923,32919.38720994292,9071.0,24,603.9702039413764
13.63333333333359,32974.944246930674,9075.0,24,599.9702039413764
13.650000000000258,33031.133667443195,9079.0,24,595.9702039413764
13.666666666666925,33087.72515365189,9083.0,23,591.9702039413764
13.683333333333593,33144.98874415133,9086.0,23,588.9702039413764
13.70000000000026,33202.866698060745,9089.0,23,585.9702039413764
13.716666666666928,33261.343966700275,9092.0,23,582.9702039413764
13.733333333333595,33320.318788937344,9095.0,22,579.9702039413764
13.750000000000263,33379.828745996165,9098.0,22,576.9702039413764
13.76666666666693,33439.80089829823,9101.0,22,573.9702039413764
13.783333333333598,33500.31877387805,9104.0,21,570.9702039413764
13.800000000000265,33561.35462739093,9106.0,21,568.9702039413764
13.816666666666933,33622.78089956324,9110.0,21,564.9702039413764
13.8333333333336,33684.650430870664,9114.0,21,560.9702039413764
13.850000000000268,33746.84886952793,9119.0,21,555.9702039413764
13.866666666666935,33809.07807292874,9123.0,21,551.9702039413764
13.883333333333603,33871.74534100258,9128.0,21,546.9702039413764
13.90000000000027,33934.564667343926,9133.0,21,541.9702039413764
13.916666666666938,33997.45461238795,9138.0,21,536.9702039413764
13.933333333333605,34060.373658360375,9143.0,21,531.9702039413764
13.950000000000273,34123.39882147377,9149.0,21,525.9702039413764
13.96666666666694,34186.435918776544,9155.0,21,519.9702039413764
13.983333333333608,34249.7471189745,9161.0,21,513.9702039413764
14.000000000000275,34313.089414348724,9168.0,21,506.97020394137644
14.016666666666943,34376.38081266313,9174.0,21,500.97020394137644
14.03333333333361,34439.42713208004,9181.0,21,493.97020394137644
14.050000000000278,34502.47136355022,9187.0,21,487.97020394137644
14.066666666666945,34565.11366835911,9194.0,21,480.97020394137644
14.083333333333613,34627.43443121494,9201.0,21,473.97020394137644
14.10000000000028,34689.354144546756,9208.0,21,466.97020394137644
14.116666666666948,34750.84846580417,9216.0,21,458.97020394137644
14.133333333333615,34811.96649579963,9224.0,21,450.97020394137644
14.150000000000283,34872.638008409296,9232.0,21,442.97020394137644
14.16666666666695,34932.90467775199,9239.0,21,435.97020394137644
14.183333333333618,34992.81619137891,9245.0,21,429.97020394137644
14.200000000000285,35052.49621931027,9253.0,21,421.97020394137644
14.216666666666953,35111.92096549604,9261.0,21,413.97020394137644
14.23333333333362,35171.291913733075,9269.0,20,405.97020394137644
14.250000000000288,35230.723142405586,9276.0,20,398.97020394137644
14.266666666666955,35290.05309396351,9283.0,19,391.97020394137644
14.283333333333623,35349.17856698594,9289.0,19,385.97020394137644
14.30000000000029,35408.41682076641,9293.0,18,381.97020394137644
14.316666666666958,35467.98549913673,9297.0,18,377.97020394137644
14.333333333333625,35527.44376748757,9301.0,18,373.97020394137644
14.350000000000293,35587.11296957657,9307.0,18,367.97020394137644
14.36666666666696,35646.7344732221,9311.0,18,363.97020394137644
14.383333333333628,35706.238851535265,9316.0,18,358.97020394137644
14.400000000000295,35765.82928607555,9320.0,18,354.97020394137644
14.416666666666963,35825.39550434278,9325.0,18,349.97020394137644
14.43333333333363,35885.11357848123,9330.0,18,344.97020394137644
14.450000000000298,35945.17829761177,9335.0,18,339.97020394137644
14.466666666666965,36005.30564966501,9340.0,18,334.97020394137644
14.483333333333633,36065.44953116178,9346.0,17,328.97020394137644
14.5000000000003,36125.365623320205,9351.0,17,323.97020394137644
14.516666666666968,36185.24967074595,9356.0,17,318.97020394137644
14.533333333333635,36244.97729249057,9361.0,17,313.97020394137644
14.550000000000303,36304.8268620022,9366.0,16,308.97020394137644
14.56666666666697,36364.767370684145,9370.0,16,304.97020394137644
14.583333333333638,36424.83112551314,9374.0,16,300.97020394137644
14.600000000000305,36485.10130854563,9378.0,16,296.97020394137644
14.616666666666973,36545.61038005614,9382.0,16,292.97020394137644
14.63333333333364,36606.34508209805,9386.0,16,288.97020394137644
14.650000000000308,36667.2687459272,9390.0,16,284.97020394137644
14.666666666666975,36728.47716184502,9394.0,16,280.97020394137644
14.683333333333643,36789.90929206177,9398.0,16,276.97020394137644
14.70000000000031,36851.3834032129,9402.0,13,272.97020394137644
14.716666666666978,36912.83561199767,9403.0,13,271.97020394137644
14.733333333333645,36974.43465819063,9405.0,13,269.97020394137644
14.750000000000313,37036.16748204451,9407.0,13,267.97020394137644
14.76666666666698,37098.15910387248,9409.0,13,265.97020394137644
14.783333333333648,37160.56766529551,9412.0,13,262.97020394137644
14.800000000000315,37223.33021153696,9414.0,13,260.97020394137644
14.816666666666983,37286.51270023021,9417.0,13,257.97020394137644
14.83333333333365,37350.14667433364,9420.0,13,254.9702039413764
14.850000000000318,37413.974815956855,9424.0,12,250.9702039413764
14.866666666666985,37477.80461039524,9427.0,12,247.9702039413764
14.883333333333653,37541.61804375985,9429.0,12,245.9702039413764
14.90000000000032,37605.31600922367,9431.0,12,243.9702039413764
14.916666666666988,37669.07127423824,9434.0,12,240.9702039413764
14.933333333333655,37732.94399555328,9436.0,12,238.9702039413764
14.950000000000323,37796.551579803374,9439.0,12,235.9702039413764
14.96666666666699,37860.215192932934,9442.0,11,232.9702039413764
14.983333333333658,37923.884528065086,9445.0,11,229.9702039413764
15.000000000000325,37987.50231434906,9448.0,11,226.9702039413764
15.016666666666993,38051.027521041164,9451.0,61,1901.6063471292546
15.03333333333366,38114.62077470484,9454.0,61,1898.6063471292546
15.050000000000328,38177.98605320116,9458.0,61,1894.6063471292546
15.066666666666995,38241.07593858795,9462.0,61,1890.6063471292546
15.083333333333663,38303.82235111369,9467.0,61,1885.6063471292546
15.10000000000033,38366.307869972814,9471.0,61,1881.6063471292546
15.116666666666998,38428.51037307964,9475.0,61,1877.6063471292546
15.133333333333665,38490.54030225281,9478.0,61,1874.6063471292546
15.150000000000333,38552.553402255406,9482.0,61,1870.6063471292546
15.166666666667,38614.38165204188,9486.0,61,1866.6063471292546
15.183333333333668,38675.99637151815,9490.0,61,1862.6063471292546
15.200000000000335,38737.37658328013,9494.0,61,1858.6063471292546
15.216666666667003,38798.433120851034,9498.0,61,1854.6063471292546
15.23333333333367,38859.063355662394,9502.0,61,1850.6063471292546
15.250000000000338,38919.38750946048,9506.0,60,1846.6063471292546
15.266666666667005,38979.33891468849,9509.0,60,1843.6063471292546
15.283333333333672,39038.81014828706,9512.0,60,1840.6063471292546
15.30000000000034,39097.7709999719,9515.0,60,1837.6063471292546
15.316666666667007,39156.30342946383,9518.0,60,1834.6063471292546
15.333333333333675,39214.436253975626,9521.0,60,1831.6063471292546
15.350000000000342,39272.13653825232,9525.0,60,1827.6063471292546
15.36666666666701,39329.47822627516,9528.0,60,1824.6063471292546
15.383333333333677,39386.48402057829,9531.0,60,1821.6063471292546
15.400000000000345,39443.24436071333,9533.0,60,1819.6063471292546
15.416666666667012,39499.65624349546,9538.0,60,1814.6063471292546
15.43333333333368,39556.04427264482,9544.0,60,1808.6063471292546
15.450000000000347,39612.09936162228,9548.0,60,1804.6063471292546
15.466666666667015,39668.05869518194,9555.0,60,1797.6063471292546
15.483333333333682,39723.625599424624,9560.0,59,1792.6063471292546
15.50000000000035,39779.04515971126,9566.0,59,1786.6063471292546
15.516666666667017,39834.22276187422,9571.0,59,1781.6063471292546
15.533333333333685,39889.40862615605,9577.0,59,1775.6063471292546
15.550000000000352,39944.44881800827,9582.0,57,1770.6063471292546
15.56666666666702,39999.23588128578,9586.0,57,1766.6063471292546
15.583333333333687,40053.778825774054,9590.0,57,1762.6063471292546
15.600000000000355,40108.14397891723,9594.0,56,1758.6063471292546
15.616666666667022,40162.38825218077,9597.0,56,1755.6063471292546
15.63333333333369,40216.405914399314,9600.0,56,1752.6063471292546
15.650000000000357,40270.36359556155,9603.0,56,1749.6063471292546
15.666666666667025,40323.8960194218,9606.0,56,1746.6063471292546
15.683333333333692,40377.207546355545,9609.0,56,1743.6063471292546
15.70000000000036,40430.11634695945,9612.0,56,1740.6063471292546
15.716666666667027,40482.451193493675,9615.0,56,1737.6063471292546
15.733333333333695,40534.625904850625,9618.0,56,1734.6063471292546
15.750000000000362,40586.498224029536,9622.0,56,1730.6063471292546
15.76666666666703,40638.08546150626,9626.0,56,1726.6063471292546
15.783333333333697,40689.99943134651,9630.0,56,1722.6063471292546
15.800000000000365,40741.67466811152,9636.0,55,1716.6063471292546
15.816666666667032,40793.16088839201,9640.0,54,1712.6063471292546
15.8333333333337,40844.84958440821,9641.0,54,1711.6063471292546
15.850000000000367,40896.20527564466,9645.0,54,1707.6063471292546
15.866666666667035,40946.96441803667,9649.0,54,1703.6063471292546
15.883333333333702,40996.93069842541,9654.0,54,1698.6063471292546
15.90000000000037,41046.26646336616,9657.0,54,1695.6063471292546
15.916666666667037,41094.79375772494,9664.0,54,1688.6063471292546
15.933333333333705,41142.50953913428,9668.0,54,1684.6063471292546
15.950000000000372,41189.523860890564,9675.0,54,1677.6063471292546
15.96666666666704,41235.75113694918,9681.0,54,1671.6063471292546
15.983333333333707,41281.54743677585,9687.0,54,1665.6063471292546
16.000000000000373,41326.8080663774,9694.0,54,1658.6063471292546
16.01666666666704,41371.45657276493,9701.0,53,1651.6063471292546
16.033333333333704,41415.42370902198,9708.0,53,1644.6063471292546
16.05000000000037,41458.61560984719,9715.0,53,1637.6063471292546
16.066666666667036,41501.48000080401,9722.0,53,1630.6063471292546
16.0833333333337,41543.80952233244,9729.0,53,1623.6063471292546
16.100000000000367,41585.90363363543,9737.0,53,1615.6063471292546
16.116666666667033,41627.67519732132,9744.0,53,1608.6063471292546
16.1333333333337,41669.14782855428,9752.0,53,1600.6063471292546
16.150000000000365,41710.47721765767,9759.0,53,1593.6063471292546
16.16666666666703,41751.670556294994,9766.0,53,1586.6063471292546
16.183333333333696,41792.902278617716,9772.0,53,1580.6063471292546
16.20000000000036,41833.81580105822,9778.0,53,1574.6063471292546
16.216666666667027,41874.443576968406,9786.0,53,1566.6063471292546
16.233333333333693,41914.621738034635,9794.0,53,1558.6063471292546
16.25000000000036,41954.57696752273,9800.0,53,1552.6063471292546
16.266666666667025,41994.15231548294,9809.0,53,1543.6063471292546
16.28333333333369,42033.54047462889,9816.0,53,1536.6063471292546
16.300000000000356,42072.62226239549,9826.0,52,1526.6063471292546
16.31666666666702,42111.65797383771,9834.0,52,1518.6063471292546
16.333333333333687,42150.75453012948,9843.0,51,1509.6063471292546
16.350000000000353,42190.25128600024,9850.0,51,1502.6063471292546
16.36666666666702,42229.96382002202,9857.0,51,1495.6063471292546
16.383333333333685,42270.34376663429,9866.0,51,1486.6063471292546
16.40000000000035,42311.00516487177,9875.0,51,1477.6063471292546
16.416666666667016,42352.194036966815,9884.0,51,1468.6063471292546
16.43333333333368,42393.70224953528,9893.0,51,1459.6063471292546
16.450000000000347,42435.51189257908,9903.0,51,1449.6063471292546
16.466666666667013,42477.626690102144,9913.0,51,1439.6063471292546
16.48333333333368,42520.10734716559,9923.0,51,1429.6063471292546
16.500000000000345,42562.963482228784,9933.0,51,1419.6063471292546
16.51666666666701,42606.098369592146,9944.0,49,1408.6063471292546
16.533333333333676,42649.32890739208,9953.0,49,1399.6063471292546
16.55000000000034,42692.67011509657,9962.0,49,1390.6063471292546
16.566666666667007,42735.98436710992,9970.0,49,1382.6063471292546
16.583333333333673,42779.351564919096,9978.0,48,1374.6063471292546
16.60000000000034,42822.737580909976,9986.0,48,1366.6063471292546
16.616666666667005,42866.11299897525,9994.0,46,1358.6063471292546
16.63333333333367,42909.352617823046,10000.0,44,1352.6063471292546
16.650000000000336,42952.792929406285,10005.0,44,1347.6063471292546
16.666666666667002,42996.3464939149,10010.0,44,1342.6063471292546
16.683333333333668,43040.179344292905,10015.0,44,1337.6063471292546
16.700000000000333,43084.3139894911,10020.0,43,1332.6063471292546
16.716666666667,43128.985628888375,10025.0,43,1327.6063471292546
16.733333333333665,43174.012930835466,10030.0,43,1322.6063471292546
16.75000000000033,43219.273793975844,10037.0,43,1315.6063471292546
16.766666666666996,43264.68557547043,10043.0,43,1309.6063471292546
16.783333333333662,43310.493561113966,10050.0,43,1302.6063471292546
16.800000000000328,43356.60641033034,10056.0,43,1296.6063471292546
16.816666666666993,43402.95930609014,10062.0,42,1290.6063471292546
16.83333333333366,43449.26256245221,10068.0,42,1284.6063471292546
16.850000000000325,43495.84502052623,10074.0,41,1278.6063471292546
16.86666666666699,43542.429064467884,10079.0,41,1273.6063471292546
16.883333333333656,43589.26174489986,10085.0,41,1267.6063471292546
16.900000000000322,43636.33073485155,10090.0,40,1262.6063471292546
16.916666666666988,43683.81577200042,10096.0,40,1256.6063471292546
16.933333333333653,43731.717534985786,10101.0,40,1251.6063471292546
16.95000000000032,43779.960610927505,10108.0,40,1244.6063471292546
16.966666666666985,43828.55429296859,10114.0,40,1238.6063471292546
16.98333333333365,43877.22266243266,10121.0,40,1231.6063471292546
17.000000000000316,43926.42055649104,10127.0,40,1225.6063471292546
17.016666666666982,43975.841924463944,10134.0,40,1218.6063471292546
17.033333333333648,44025.55041359155,10140.0,40,1212.6063471292546
17.050000000000313,44075.59084230833,10147.0,40,1205.6063471292546
17.06666666666698,44125.77821941056,10153.0,40,1199.6063471292546
17.083333333333645,44176.33527645434,10161.0,40,1191.6063471292546
17.10000000000031,44226.936034406965,10168.0,39,1184.6063471292546
17.116666666666976,44277.457828548126,10175.0,39,1177.6063471292546
17.133333333333642,44327.95617186611,10182.0,39,1170.6063471292546
17.150000000000308,44378.5874560236,10190.0,39,1162.6063471292546
17.166666666666973,44429.32373675709,10198.0,38,1154.6063471292546
17.18333333333364,44480.016791278904,10206.0,38,1146.6063471292546
17.200000000000305,44531.028232720266,10214.0,38,1138.6063471292546
17.21666666666697,44582.34657086924,10222.0,38,1130.6063471292546
17.233333333333636,44633.90771840883,10231.0,38,1121.6063471292546
17.250000000000302,44685.61188039245,10240.0,38,1112.6063471292546
17.266666666666968,44737.44650906844,10250.0,37,1102.6063471292546
17.283333333333633,44789.5199632933,10259.0,37,1093.6063471292546
17.3000000000003,44841.79850480476,10267.0,36,1085.6063471292546
17.316666666666965,44894.12918714607,10275.0,36,1077.6063471292546
17.33333333333363,44946.533688798045,10282.0,36,1070.6063471292546
17.350000000000296,44999.063298947694,10290.0,35,1062.6063471292546
17.366666666666962,45051.91681811001,10297.0,35,1055.6063471292546
17.383333333333628,45105.00401138021,10304.0,35,1048.6063471292546
17.400000000000293,45158.42857550488,10311.0,35,1041.6063471292546
17.41666666666696,45212.11273195464,10318.0,35,1034.6063471292546
17.433333333333625,45266.13287029523,10325.0,35,1027.6063471292546
17.45000000000029,45320.55354568106,10333.0,35,1019.6063471292546
17.466666666666956,45375.405913369614,10342.0,35,1010.6063471292546
17.483333333333622,45430.64667744242,10351.0,34,1001.6063471292546
17.500000000000288,45486.3608407668,10359.0,34,993.6063471292546
17.516666666666953,45542.561851593186,10367.0,34,985.6063471292546
17.53333333333362,45599.12204018334,10376.0,34,976.6063471292546
17.550000000000285,45656.004268381315,10385.0,33,967.6063471292546
17.56666666666695,45713.414350075574,10393.0,33,959.6063471292546
17.583333333333616,45771.13902082032,10401.0,33,951.6063471292546
17.600000000000282,45829.26258088885,10409.0,33,943.6063471292546
17.616666666666948,45887.73309773445,10417.0,31,935.6063471292546
17.633333333333614,45946.340718421736,10423.0,31,929.6063471292546
17.65000000000028,46005.39293537809,10429.0,31,923.6063471292546
17.666666666666945,46064.79711701425,10434.0,31,918.6063471292546
17.68333333333361,46124.68418731019,10440.0,31,912.6063471292546
17.700000000000276,46184.6961018741,10447.0,30,905.6063471292546
17.716666666666942,46244.921590419224,10453.0,30,899.6063471292546
17.733333333333608,46305.444655389925,10459.0,30,893.6063471292546
17.750000000000274,46366.369484865056,10464.0,30,888.6063471292546
17.76666666666694,46427.46771947532,10469.0,30,883.6063471292546
17.783333333333605,46488.61075348015,10476.0,30,876.6063471292546
17.80000000000027,46550.124022643016,10483.0,29,869.6063471292546
17.816666666666936,46612.12440121629,10488.0,29,864.6063471292546
17.833333333333602,46674.11319218965,10495.0,29,857.6063471292546
17.850000000000268,46736.00761489917,10502.0,29,850.6063471292546
17.866666666666934,46798.16600449868,10507.0,29,845.6063471292546
17.8833333333336,46860.32128671172,10513.0,29,839.6063471292546
17.900000000000265,46922.28872294373,10520.0,29,832.6063471292546
17.91666666666693,46984.031479175086,10527.0,29,825.6063471292546
17.933333333333596,47045.75879962848,10532.0,29,820.6063471292546
17.950000000000262,47107.19600710861,10539.0,29,813.6063471292546
17.966666666666928,47168.44009067991,10546.0,28,806.6063471292546
17.983333333333594,47229.67764014386,10551.0,28,801.6063471292546
18.00000000000026,47290.90704008667,10557.0,28,795.6063471292546
18.016666666666925,47352.0831446966,10564.0,27,788.6063471292546
18.03333333333359,47413.30554354909,10570.0,26,782.6063471292546
18.050000000000257,47474.62306755838,10576.0,26,776.6063471292546
18.066666666666922,47536.154434157266,10582.0,26,770.6063471292546
18.083333333333588,47597.890972433204,10588.0,26,764.6063471292546
18.100000000000254,47659.81035151941,10594.0,26,758.6063471292546
18.11666666666692,47721.94522260316,10600.0,26,752.6063471292546
18.133333333333585,47784.18827102356,10606.0,26,746.6063471292546
18.15000000000025,47846.55333665151,10612.0,26,740.6063471292546
18.166666666666917,47909.07886629162,10618.0,26,734.6063471292546
18.183333333333582,47971.74119942353,10624.0,25,728.6063471292546
18.200000000000248,48034.52780520648,10629.0,25,723.6063471292546
18.216666666666914,48097.417207557686,10634.0,25,718.6063471292546
18.23333333333358,48160.38369927985,10639.0,25,713.6063471292546
18.250000000000245,48223.41839581834,10644.0,25,708.6063471292546
18.26666666666691,48286.58235360072,10649.0,25,703.6063471292546
18.283333333333577,48349.97368409533,10654.0,25,698.6063471292546
18.300000000000242,48413.619586558045,10659.0,25,693.6063471292546
18.316666666666908,48477.492178815635,10664.0,25,688.6063471292546
18.333333333333574,48541.6301843733,10669.0,25,683.6063471292546
18.35000000000024,48606.047867161724,10674.0,25,678.6063471292546
18.366666666666905,48670.76533456825,10679.0,25,673.6063471292546
18.38333333333357,48735.79375756951,10684.0,25,668.6063471292546
18.400000000000237,48801.1276161061,10690.0,25,662.6063471292546
18.416666666666902,48866.63844318291,10696.0,25,656.6063471292546
18.433333333333568,48932.3159102334,10702.0,25,650.6063471292546
18.450000000000234,48998.250014176876,10708.0,24,644.6063471292546
18.4666666666669,49064.4343149461,10713.0,24,639.6063471292546
18.483333333333565,49130.68292101604,10717.0,24,635.6063471292546
18.50000000000023,49197.04394592754,10722.0,24,630.6063471292546
18.516666666666897,49263.31605506592,10727.0,24,625.6063471292546
18.533333333333562,49329.269677208904,10732.0,24,620.6063471292546
18.550000000000228,49395.13738956385,10737.0,24,615.6063471292546
18.566666666666894,49460.673556830094,10742.0,24,610.6063471292546
18.58333333333356,49525.99255720444,10748.0,24,604.6063471292546
18.600000000000225,49591.131309681725,10753.0,24,599.6063471292546
18.61666666666689,49656.10008567558,10758.0,23,594.6063471292546
18.633333333333557,49720.785133803634,10763.0,23,589.6063471292546
18.650000000000222,49785.33445108418,10770.0,23,582.6063471292546
18.666666666666888,49849.76906530408,10777.0,23,575.6063471292546
18.683333333333554,49914.175345627955,10784.0,23,568.6063471292546
18.70000000000022,49978.43049425881,10791.0,23,561.6063471292546
18.716666666666885,50042.35744148305,10799.0,23,553.6063471292546
18.73333333333355,50105.96852867436,10807.0,22,545.6063471292546
18.750000000000217,50169.17281197222,10813.0,22,539.6063471292546
18.766666666666882,50231.90926820677,10820.0,21,532.6063471292546
18.783333333333548,50294.26684147069,10826.0,21,526.6063471292546
18.800000000000214,50356.54055225011,10831.0,21,521.6063471292546
18.81666666666688,50418.59606982363,10837.0,21,515.6063471292546
18.833333333333545,50480.700141841895,10842.0,21,510.6063471292546
18.85000000000021,50542.76836799242,10848.0,21,504.6063471292546
18.866666666666877,50604.98981789411,10853.0,21,499.6063471292546
18.883333333333542,50667.160547713895,10859.0,21,493.6063471292546
18.900000000000208,50729.62065101092,10864.0,21,488.6063471292546
18.916666666666874,50792.256855456035,10870.0,21,482.6063471292546
18.93333333333354,50855.13900822639,10876.0,20,476.6063471292546
18.950000000000205,50918.24755260832,10881.0,20,471.6063471292546
18.96666666666687,50981.60794796416,10886.0,20,466.6063471292546
18.983333333333537,51045.1298734692,10891.0,19,461.6063471292546
19.000000000000203,51108.88730804726,10895.0,19,457.6063471292546
19.01666666666687,51173.178410883345,10899.0,19,453.6063471292546
19.033333333333534,51238.068566844755,10903.0,18,449.6063471292546
19.0500000000002,51303.62558907301,10906.0,18,446.6063471292546
19.066666666666865,51369.86535779585,10909.0,18,443.6063471292546
19.08333333333353,51436.50832328602,10912.0,18,440.6063471292546
19.100000000000197,51503.51934838013,10915.0,18,437.6063471292546
19.116666666666863,51571.10487348744,10918.0,18,434.6063471292546
19.13333333333353,51639.03122682477,10921.0,18,431.6063471292546
19.150000000000194,51707.52471316621,10924.0,18,428.6063471292546
19.16666666666686,51776.39667149541,10927.0,18,425.6063471292546
19.183333333333525,51845.32197656022,10930.0,18,422.6063471292546
19.20000000000019,51914.57682685587,10933.0,17,419.6063471292546
19.216666666666857,51983.460074599454,10935.0,17,417.6063471292546
19.233333333333523,52052.20181535468,10937.0,17,415.6063471292546
19.25000000000019,52121.0236795525,10939.0,17,413.6063471292546
19.266666666666854,52189.810017668635,10941.0,17,411.6063471292546
19.28333333333352,52258.57262025834,10943.0,16,409.6063471292546
19.300000000000185,52327.19354922673,10944.0,16,408.6063471292546
19.31666666666685,52395.69662443155,10945.0,16,407.6063471292546
19.333333333333517,52464.26321608559,10947.0,16,405.6063471292546
19.350000000000183,52532.82752175369,10949.0,16,403.6063471292546
19.36666666666685,52601.424244495465,10953.0,16,399.6063471292546
19.383333333333514,52669.93516201354,10957.0,16,395.6063471292546
19.40000000000018,52738.504659460086,10961.0,16,391.6063471292546
19.416666666666845,52806.98316744104,10965.0,16,387.6063471292546
19.43333333333351,52875.3997067634,10969.0,16,383.6063471292546
19.450000000000177,52943.7852218975,10973.0,16,379.6063471292546
19.466666666666843,53011.983691319714,10977.0,16,375.6063471292546
19.48333333333351,53079.869825482645,10982.0,16,370.6063471292546
19.500000000000174,53147.404536125854,10987.0,16,365.6063471292546
19.51666666666684,53214.549490004385,10992.0,16,360.6063471292546
19.533333333333506,53281.38158005319,10996.0,16,356.6063471292546
19.55000000000017,53347.92669701823,11001.0,15,351.6063471292546
19.566666666666837,53414.11303004965,11006.0,15,346.6063471292546
19.583333333333503,53479.97070940007,11010.0,15,342.6063471292546
19.60000000000017,53545.562080067335,11014.0,15,338.6063471292546
19.616666666666834,53610.851087567215,11020.0,15,332.6063471292546
19.6333333333335,53675.952555031574,11025.0,15,327.6063471292546
19.650000000000166,53740.89424468696,11031.0,15,321.6063471292546
19.66666666666683,53805.68859869626,11037.0,15,315.6063471292546
19.683333333333497,53870.36661248814,11043.0,15,309.6063471292546
19.700000000000163,53934.96284989249,11049.0,15,303.6063471292546
19.71666666666683,53999.584585032186,11055.0,15,297.6063471292546
19.733333333333494,54064.26427124512,11061.0,15,291.6063471292546
19.75000000000016,54128.99488978592,11067.0,15,285.6063471292546
19.766666666666826,54193.78516210395,11073.0,14,279.6063471292546
19.78333333333349,54258.57545789988,11079.0,14,273.6063471292546
19.800000000000157,54323.52609341865,11085.0,14,267.6063471292546
19.816666666666823,54388.60674649559,11092.0,14,260.6063471292546
19.83333333333349,54453.76892419004,11099.0,14,253.60634712925457
19.850000000000154,54519.036155181035,11106.0,14,246.60634712925457
19.86666666666682,54584.44403287444,11113.0,14,239.60634712925457
19.883333333333486,54649.92379699354,11120.0,14,232.60634712925457
19.90000000000015,54715.41446981546,11127.0,14,225.60634712925457
19.916666666666817,54781.046178901044,11134.0,14,218.60634712925457
19.933333333333483,54846.73551339804,11141.0,14,211.60634712925457
19.95000000000015,54912.39158849847,11148.0,14,204.60634712925457
19.966666666666814,54977.95742040769,11155.0,14,197.60634712925457
19.98333333333348,55043.45539014735,11162.0,14,190.60634712925457
20.000000000000146,55108.8578038984,11169.0,14,183.60634712925457
20.01666666666681,55174.103042218274,11176.0,14,176.60634712925457
20.033333333333477,55239.18499129624,11183.0,13,169.60634712925457
20.050000000000143,55304.43484334726,11189.0,13,163.60634712925457
20.06666666666681,55369.30452019022,11194.0,11,158.60634712925457
20.083333333333474,55433.797452380284,11198.0,11,154.60634712925457
20.10000000000014,55497.83938921358,11202.0,11,150.60634712925457
20.116666666666806,55561.86787831343,11206.0,11,146.60634712925457
20.13333333333347,55625.78379979099,11211.0,11,141.60634712925457
20.150000000000137,55689.61080820421,11216.0,11,136.60634712925457
20.166666666666803,55753.378808899986,11221.0,11,131.60634712925457
20.18333333333347,55816.84591160811,11226.0,11,126.60634712925459
20.200000000000134,55879.89252206628,11231.0,11,121.60634712925459
20.2166666666668,55942.78506588679,11236.0,11,116.60634712925459
20.233333333333466,56005.53088226797,11241.0,11,111.60634712925459
20.25000000000013,56068.2712193721,11246.0,11,106.60634712925459
20.266666666666797,56130.84857016475,11251.0,11,101.60634712925459
20.283333333333463,56193.29559194251,11256.0,11,96.60634712925459
20.30000000000013,56255.5767756662,11261.0,11,91.60634712925459
20.316666666666794,56317.83775206871,11266.0,10,86.60634712925459
20.33333333333346,56379.61205769153,11269.0,10,83.60634712925459
20.350000000000126,56441.350881347804,11273.0,10,79.60634712925459
20.36666666666679,56502.95880077639,11278.0,10,74.60634712925459
20.383333333333457,56564.600063808335,11283.0,10,69.60634712925459
20.400000000000123,56626.25953929685,11288.0,10,64.60634712925459
20.41666666666679,56687.919592243205,11293.0,10,59.60634712925458
20.433333333333454,56749.739361756845,11297.0,10,55.60634712925458
20.45000000000012,56811.62358422359,11301.0,10,51.60634712925458
20.466666666666786,56873.5222717245,11306.0,10,46.60634712925458
20.48333333333345,56935.03436511689,11311.0,9,41.60634712925458
20.500000000000117,56996.186135396616,11315.0,9,37.60634712925458
20.516666666666783,57056.61369456846,11318.0,8,34.60634712925458
20.53333333333345,57116.65522214921,11321.0,8,31.60634712925458
20.550000000000114,57176.24646490179,11324.0,8,28.60634712925458
20.56666666666678,57235.51371373554,11328.0,7,24.60634712925458
20.583333333333446,57294.52362198347,11331.0,7,21.60634712925458
20.60000000000011,57353.59241485744,11334.0,7,18.60634712925458
20.616666666666777,57412.35497607846,11337.0,7,15.606347129254582
20.633333333333443,57470.88285331559,11341.0,7,11.606347129254582
20.65000000000011,57529.202767562616,11345.0,7,7.606347129254582
20.666666666666774,57587.52366222499,11349.0,6,3.6063471292545817
20.68333333333344,57645.67166647472,11352.0,6,0.6063471292545817
20.700000000000106,57703.880869683126,11356.0,6,-3.3936528707454183
20.71666666666677,57761.85112495213,11359.0,6,-6.393652870745418
20.733333333333437,57819.716834347724,11362.0,5,-9.393652870745418
20.750000000000103,57877.39420191161,11365.0,5,-12.393652870745418
20.76666666666677,57935.25904564748,11369.0,5,-16.39365287074542
20.783333333333434,57993.434113482865,11373.0,5,-20.39365287074542
20.8000000000001,58051.83740560528,11377.0,5,-24.39365287074542
20.816666666666766,58110.49298782069,11381.0,5,-28.39365287074542
20.83333333333343,58169.26750567229,11385.0,5,-32.39365287074542
20.850000000000097,58228.34979077306,11389.0,5,-36.39365287074542
20.866666666666763,58287.792679434395,11393.0,5,-40.39365287074542
20.88333333333343,58347.63754890175,11397.0,5,-44.39365287074542
20.900000000000095,58407.95752067783,11401.0,5,-48.39365287074542
20.91666666666676,58468.81185733446,11405.0,5,-52.39365287074542
20.933333333333426,58530.15394846585,11409.0,5,-56.39365287074542
20.95000000000009,58592.00465068392,11413.0,5,-60.39365287074542
20.966666666666757,58654.38402012832,11416.0,5,-63.39365287074542
20.983333333333423,58717.37111493485,11419.0,5,-66.39365287074541
21.00000000000009,58780.79941731188,11423.0,5,-70.39365287074541
21.016666666666755,58844.762772981354,11427.0,5,-74.39365287074541
21.03333333333342,58909.16990060742,11431.0,4,-78.39365287074541
21.050000000000086,58973.898923225344,11434.0,3,-81.39365287074541
21.06666666666675,59038.76720091739,11436.0,3,-83.39365287074541
21.083333333333417,59103.84224239128,11438.0,3,-85.39365287074541
21.100000000000083,59169.28986503982,11440.0,3,-87.39365287074541
21.11666666666675,59235.13331709154,11442.0,3,-89.39365287074541
21.133333333333415,59301.08434671676,11444.0,3,-91.39365287074541
21.15000000000008,59367.23206320797,11446.0,3,-93.39365287074541
21.166666666666746,59433.75413334725,11449.0,2,-96.39365287074541
21.18333333333341,59500.32486816142,11451.0,2,-98.39365287074541
21.200000000000077,59567.0143386321,11453.0,2,-100.39365287074541
21.216666666666743,59633.58887269785,11455.0,2,-102.39365287074541
21.23333333333341,59699.774924775906,11457.0,2,-104.39365287074541
21.250000000000075,59765.74870910271,11459.0,2,-106.39365287074541
21.26666666666674,59831.46891666216,11461.0,2,-108.39365287074541
21.283333333333406,59896.86396519372,11463.0,2,-110.39365287074541
21.30000000000007,59961.94485037677,11465.0,2,-112.39365287074541
21.316666666666737,60026.727627225104,11467.0,2,-114.39365287074541
21.333333333333403,60091.22551636893,11469.0,2,-116.39365287074541
21.35000000000007,60155.47489620061,11471.0,2,-118.39365287074541
21.366666666666735,60219.51455044425,11473.0,2,-120.39365287074541
21.3833333333334,60283.28452416815,11475.0,2,-122.39365287074541
21.400000000000066,60346.63105914541,11477.0,2,-124.39365287074541
21.416666666666732,60409.59631297141,11479.0,2,-126.39365287074541
21.433333333333398,60472.21310204956,11481.0,2,-128.39365287074543
21.450000000000063,60534.555450897235,11483.0,2,-130.39365287074543
21.46666666666673,60596.585670754,11485.0,2,-132.39365287074543
21.483333333333395,60658.37960790329,11487.0,2,-134.39365287074543
21.50000000000006,60720.002516898065,11489.0,2,-136.39365287074543
21.516666666666726,60781.52434465629,11491.0,2,-138.39365287074543
21.533333333333392,60842.97729653229,11493.0,2,-140.39365287074543
21.550000000000058,60904.56612884049,11495.0,2,-142.39365287074543
21.566666666666723,60966.13343739792,11497.0,2,-144.39365287074543
21.58333333333339,61027.74271870676,11499.0,1,-146.39365287074543
21.600000000000055,61089.37311667124,11500.0,1,-147.39365287074543
21.61666666666672,61150.96173220502,11501.0,1,-148.39365287074543
21.633333333333386,61212.66456476947,11502.0,1,-149.39365287074543
21.650000000000052,61274.5692426782,11503.0,1,-150.39365287074543
21.666666666666718,61336.756077814935,11504.0,1,-151.39365287074543
21.683333333333383,61399.5220072238,11505.0,1,-152.39365287074543
21.70000000000005,61462.812479012624,11506.0,1,-153.39365287074543
21.716666666666715,61526.81197556652,11507.0,1,-154.39365287074543
21.73333333333338,61591.61747131895,11508.0,1,-155.39365287074543
21.750000000000046,61657.25601756804,11509.0,1,-156.39365287074543
21.766666666666712,61723.78958803135,11510.0,1,-157.39365287074543
21.783333333333378,61791.122767610235,11511.0,1,-158.39365287074543
21.800000000000043,61859.29464821381,11512.0,1,-159.39365287074543
21.81666666666671,61928.3984093826,11513.0,1,-160.39365287074543
21.833333333333375,61998.37000146501,11514.0,1,-161.39365287074543
21.85000000000004,62069.16857971642,11515.0,1,-162.39365287074543
21.866666666666706,62140.81609427983,11516.0,1,-163.39365287074543
21.883333333333372,62213.24816074934,11517.0,1,-164.39365287074543
21.900000000000038,62286.49622924643,11518.0,1,-165.39365287074543
21.916666666666703,62360.59075806436,11519.0,1,-166.39365287074543
21.93333333333337,62435.4898334134,11520.0,1,-167.39365287074543
21.950000000000035,62511.22175630672,11521.0,1,-168.39365287074543
21.9666666666667,62587.81442420827,11522.0,1,-169.39365287074543
21.983333333333366,62664.90724014949,11523.0,0,-170.39365287074543
